<?xml version="1.0" encoding="utf-8"?>
<!DOCTYPE hibernate-configuration PUBLIC
        "-//Hibernate/Hibernate Configuration DTD 3.0//EN"
        "http://hibernate.sourceforge.net/hibernate-configuration-3.0.dtd">
<hibernate-configuration>
    <session-factory>
        <!-- JDBC Database connection settings -->
        <property name="hibernate.connection.driver_class">org.postgresql.Driver</property>
        <property name="hibernate.connection.url">jdbc:postgresql://localhost:5432/studs</property>
        <property name="hibernate.connection.username">s367893</property>
        <property name="hibernate.connection.password">ozn9sQHhm3HD8D3V</property>
        
        <!-- JDBC connection pool settings -->
        <property name="hibernate.c3p0.min_size">5</property>
        <property name="hibernate.c3p0.max_size">20</property>
        <property name="hibernate.c3p0.timeout">5000</property>
        <property name="hibernate.c3p0.max_statements">50</property>
        <property name="hibernate.c3p0.idle_test_period">3000</property>
        
        <!-- Specify dialect -->
        <property name="hibernate.dialect">org.hibernate.dialect.PostgreSQLDialect</property>
        
        <!-- Enable Hibernate's automatic session context management -->
        <property name="hibernate.current_session_context_class">thread</property>
        
        <!-- Echo all executed SQL to stdout -->
        <property name="hibernate.show_sql">true</property>

        <property name="hbm2ddl.auto">update</property>
        
        <mapping class="lab3test.model.RequestBean"/>
    </session-factory>
</hibernate-configuration>