Метод,x,y,Погрешность
Euler,1.0,1.0,0.0
Euler,1.125,1.125,0.0
Euler,1.25,1.283203125,0.0
Euler,1.3125,1.380859375,0.0
Euler,1.375,1.488525390625,0.0
Euler,1.4375,1.606689453125,0.0
Euler,1.5,1.73583984375,0.0
Euler,1.5625,1.87646484375,0.0
Euler,1.625,2.029052734375,0.0
Euler,1.6875,2.194091796875,0.0
Euler,1.75,2.3720703125,0.0
Euler,1.8125,2.5634765625,0.0
Euler,1.875,2.768798828125,0.0
Euler,1.9375,2.988525390625,0.0
Euler,2.0,3.22314453125,0.0
Euler,2.0625,3.47314453125,0.0
Euler,2.125,3.739013671875,0.0
Euler,2.1875,4.021240234375,0.0
Euler,2.25,4.3203125,0.0
Euler,2.3125,4.63671875,0.0
Euler,2.375,4.970947265625,0.0
Euler,2.4375,5.323486328125,0.0
Euler,2.5,5.69482421875,0.0
Euler,2.5625,6.08544921875,0.0
Euler,2.625,6.495849609375,0.0
Euler,2.6875,6.926513671875,0.0
Euler,2.75,7.3779296875,0.0
Euler,2.8125,7.8505859375,0.0
Euler,2.875,8.344970703125,0.0
Euler,2.9375,8.861572265625,0.0
Euler,3.0,9.40087890625,0.0
Euler,3.0625,9.96337890625,0.0
Euler,3.125,10.549560546875,0.0
Euler,3.1875,11.159912109375,0.0
Euler,3.25,11.794921875,0.0
Euler,3.3125,12.455078125,0.0
Euler,3.375,13.140869140625,0.0
Euler,3.4375,13.852783203125,0.0
Euler,3.5,14.59130859375,0.0
Euler,3.5625,15.35693359375,0.0
Euler,3.625,16.150146484375,0.0
Euler,3.6875,16.971435546875,0.0
Euler,3.75,17.8212890625,0.0
Euler,3.8125,18.7001953125,0.0
Euler,3.875,19.608642578125,0.0
Euler,3.9375,20.547119140625,0.0
Euler,4.0,21.51611328125,0.0
Euler,4.0625,22.51611328125,0.0
Euler,4.125,23.547607421875,0.0
Euler,4.1875,24.611083984375,0.0
Euler,4.25,25.70703125,0.0
Euler,4.3125,26.8359375,0.0
Euler,4.375,27.998291015625,0.0
Euler,4.4375,29.194580078125,0.0
Euler,4.5,30.42529296875,0.0
Euler,4.5625,31.69091796875,0.0
Euler,4.625,32.991943359375,0.0
Euler,4.6875,34.328857421875,0.0
Euler,4.75,35.7021484375,0.0
Euler,4.8125,37.1123046875,0.0
Euler,4.875,38.559814453125,0.0
Euler,4.9375,40.045166015625,0.0
Euler,5.0,41.56884765625,0.0
Runge-Kutta 4-го порядка,1.0,1.0,0.0
Runge-Kutta 4-го порядка,1.0625,1.0664876302083333,0.0
Runge-Kutta 4-го порядка,1.125,1.1412760416666665,0.0
Runge-Kutta 4-го порядка,1.1875,1.2248535156249998,0.0
Runge-Kutta 4-го порядка,1.25,1.317708333333333,0.0
Runge-Kutta 4-го порядка,1.3125,1.4203287760416663,0.0
Runge-Kutta 4-го порядка,1.375,1.5332031249999996,0.0
Runge-Kutta 4-го порядка,1.40625,1.5936381022135413,0.0
Runge-Kutta 4-го порядка,1.4375,1.656819661458333,0.0
Runge-Kutta 4-го порядка,1.46875,1.7228088378906248,0.0
Runge-Kutta 4-го порядка,1.5,1.7916666666666665,0.0
Runge-Kutta 4-го порядка,1.53125,1.8634541829427083,0.0
Runge-Kutta 4-го порядка,1.5625,1.938232421875,0.0
Runge-Kutta 4-го порядка,1.59375,2.0160624186197915,0.0
Runge-Kutta 4-го порядка,1.625,2.097005208333333,0.0
Runge-Kutta 4-го порядка,1.65625,2.1811218261718746,0.0
Runge-Kutta 4-го порядка,1.6875,2.268473307291666,0.0
Runge-Kutta 4-го порядка,1.71875,2.3591206868489576,0.0
Runge-Kutta 4-го порядка,1.75,2.453124999999999,0.0
Runge-Kutta 4-го порядка,1.78125,2.5505472819010406,0.0
Runge-Kutta 4-го порядка,1.8125,2.651448567708332,0.0
Runge-Kutta 4-го порядка,1.84375,2.7558898925781237,0.0
Runge-Kutta 4-го порядка,1.875,2.863932291666665,0.0
Runge-Kutta 4-го порядка,1.90625,2.9756368001302067,0.0
Runge-Kutta 4-го порядка,1.9375,3.0910644531249982,0.0
Runge-Kutta 4-го порядка,1.96875,3.2102762858072897,0.0
Runge-Kutta 4-го порядка,1.984375,3.2713203430175763,0.0
Runge-Kutta 4-го порядка,2.0,3.3333333333333317,0.0
Runge-Kutta 4-го порядка,2.015625,3.396322886149087,0.0
Runge-Kutta 4-го порядка,2.03125,3.4602966308593737,0.0
Runge-Kutta 4-го порядка,2.046875,3.5252621968587228,0.0
Runge-Kutta 4-го порядка,2.0625,3.5912272135416656,0.0
Runge-Kutta 4-го порядка,2.078125,3.6581993103027335,0.0
Runge-Kutta 4-го порядка,2.09375,3.7261861165364576,0.0
Runge-Kutta 4-го порядка,2.109375,3.795195261637369,0.0
Runge-Kutta 4-го порядка,2.125,3.8652343749999996,0.0
Runge-Kutta 4-го порядка,2.140625,3.93631108601888,0.0
Runge-Kutta 4-го порядка,2.15625,4.008433024088541,0.0
Runge-Kutta 4-го порядка,2.171875,4.081607818603515,0.0
Runge-Kutta 4-го порядка,2.1875,4.155843098958332,0.0
Runge-Kutta 4-го порядка,2.203125,4.231146494547525,0.0
Runge-Kutta 4-го порядка,2.21875,4.307525634765623,0.0
Runge-Kutta 4-го порядка,2.234375,4.384988149007159,0.0
Runge-Kutta 4-го порядка,2.25,4.463541666666664,0.0
Runge-Kutta 4-го порядка,2.265625,4.543193817138669,0.0
Runge-Kutta 4-го порядка,2.28125,4.623952229817705,0.0
Runge-Kutta 4-го порядка,2.296875,4.705824534098304,0.0
Runge-Kutta 4-го порядка,2.3125,4.7888183593749964,0.0
Runge-Kutta 4-го порядка,2.328125,4.872941335042314,0.0
Runge-Kutta 4-го порядка,2.34375,4.9582010904947875,0.0
Runge-Kutta 4-го порядка,2.359375,5.044605255126949,0.0
Runge-Kutta 4-го порядка,2.375,5.132161458333329,0.0
Runge-Kutta 4-го порядка,2.390625,5.2208773295084585,0.0
Runge-Kutta 4-го порядка,2.40625,5.31076049804687,0.0
Runge-Kutta 4-го порядка,2.421875,5.401818593343093,0.0
Runge-Kutta 4-го порядка,2.4375,5.494059244791661,0.0
Runge-Kutta 4-го порядка,2.453125,5.587490081787103,0.0
Runge-Kutta 4-го порядка,2.46875,5.682118733723952,0.0
Runge-Kutta 4-го порядка,2.484375,5.777952829996738,0.0
Runge-Kutta 4-го порядка,2.5,5.874999999999993,0.0
Runge-Kutta 4-го порядка,2.515625,5.973267873128248,0.0
Runge-Kutta 4-го порядка,2.53125,6.072764078776034,0.0
Runge-Kutta 4-го порядка,2.546875,6.173496246337883,0.0
Runge-Kutta 4-го порядка,2.5625,6.275472005208325,0.0
Runge-Kutta 4-го порядка,2.578125,6.3786989847818925,0.0
Runge-Kutta 4-го порядка,2.59375,6.483184814453116,0.0
Runge-Kutta 4-го порядка,2.609375,6.588937123616527,0.0
Runge-Kutta 4-го порядка,2.625,6.695963541666657,0.0
Runge-Kutta 4-го порядка,2.640625,6.804271697998037,0.0
Runge-Kutta 4-го порядка,2.65625,6.913869222005198,0.0
Runge-Kutta 4-го порядка,2.671875,7.024763743082672,0.0
Runge-Kutta 4-го порядка,2.6875,7.136962890624989,0.0
Runge-Kutta 4-го порядка,2.703125,7.250474294026682,0.0
Runge-Kutta 4-го порядка,2.71875,7.36530558268228,0.0
Runge-Kutta 4-го порядка,2.734375,7.481464385986317,0.0
Runge-Kutta 4-го порядка,2.75,7.5989583333333215,0.0
Runge-Kutta 4-го порядка,2.765625,7.717795054117826,0.0
Runge-Kutta 4-го порядка,2.7734375,7.777719338734933,0.0
Runge-Kutta 4-го порядка,2.78125,7.8379821777343635,0.0
Runge-Kutta 4-го порядка,2.7890625,7.898584524790435,0.0
Runge-Kutta 4-го порядка,2.796875,7.959527333577463,0.0
Runge-Kutta 4-го порядка,2.8046875,8.020811557769765,0.0
Runge-Kutta 4-го порядка,2.8125,8.082438151041655,0.0
Runge-Kutta 4-го порядка,2.8203125,8.144408067067452,0.0
Runge-Kutta 4-го порядка,2.828125,8.206722259521472,0.0
Runge-Kutta 4-го порядка,2.8359375,8.26938168207803,0.0
Runge-Kutta 4-го порядка,2.84375,8.332387288411445,0.0
Runge-Kutta 4-го порядка,2.8515625,8.39574003219603,0.0
Runge-Kutta 4-го порядка,2.859375,8.459440867106105,0.0
Runge-Kutta 4-го порядка,2.8671875,8.523490746815984,0.0
Runge-Kutta 4-го порядка,2.875,8.587890624999984,0.0
Runge-Kutta 4-го порядка,2.8828125,8.652641455332422,0.0
Runge-Kutta 4-го порядка,2.890625,8.717744191487613,0.0
Runge-Kutta 4-го порядка,2.8984375,8.783199787139875,0.0
Runge-Kutta 4-го порядка,2.90625,8.849009195963523,0.0
Runge-Kutta 4-го порядка,2.9140625,8.915173371632875,0.0
Runge-Kutta 4-го порядка,2.921875,8.981693267822246,0.0
Runge-Kutta 4-го порядка,2.9296875,9.048569838205953,0.0
Runge-Kutta 4-го порядка,2.9375,9.115804036458313,0.0
Runge-Kutta 4-го порядка,2.9453125,9.18339681625364,0.0
Runge-Kutta 4-го порядка,2.953125,9.251349131266254,0.0
Runge-Kutta 4-го порядка,2.9609375,9.319661935170469,0.0
Runge-Kutta 4-го порядка,2.96875,9.388336181640602,0.0
Runge-Kutta 4-го порядка,2.9765625,9.45737282435097,0.0
Runge-Kutta 4-го порядка,2.984375,9.526772816975887,0.0
Runge-Kutta 4-го порядка,2.9921875,9.596537113189672,0.0
Runge-Kutta 4-го порядка,3.0,9.666666666666641,0.0
Runge-Kutta 4-го порядка,3.0078125,9.73716243108111,0.0
Runge-Kutta 4-го порядка,3.015625,9.808025360107395,0.0
Runge-Kutta 4-го порядка,3.0234375,9.879256407419813,0.0
Runge-Kutta 4-го порядка,3.03125,9.95085652669268,0.0
Runge-Kutta 4-го порядка,3.0390625,10.022826671600313,0.0
Runge-Kutta 4-го порядка,3.046875,10.095167795817028,0.0
Runge-Kutta 4-го порядка,3.0546875,10.167880853017142,0.0
Runge-Kutta 4-го порядка,3.0625,10.24096679687497,0.0
Runge-Kutta 4-го порядка,3.0703125,10.31442658106483,0.0
Runge-Kutta 4-го порядка,3.078125,10.388261159261036,0.0
Runge-Kutta 4-го порядка,3.0859375,10.462471485137907,0.0
Runge-Kutta 4-го порядка,3.09375,10.537058512369759,0.0
Runge-Kutta 4-го порядка,3.1015625,10.612023194630908,0.0
Runge-Kutta 4-го порядка,3.109375,10.68736648559567,0.0
Runge-Kutta 4-го порядка,3.1171875,10.76308933893836,0.0
Runge-Kutta 4-го порядка,3.125,10.839192708333298,0.0
Runge-Kutta 4-го порядка,3.1328125,10.915677547454798,0.0
Runge-Kutta 4-го порядка,3.140625,10.992544809977177,0.0
Runge-Kutta 4-го порядка,3.1484375,11.069795449574752,0.0
Runge-Kutta 4-го порядка,3.15625,11.147430419921838,0.0
Runge-Kutta 4-го порядка,3.1640625,11.225450674692752,0.0
Runge-Kutta 4-го порядка,3.171875,11.30385716756181,0.0
Runge-Kutta 4-го порядка,3.1796875,11.38265085220333,0.0
Runge-Kutta 4-го порядка,3.1875,11.461832682291627,0.0
Runge-Kutta 4-го порядка,3.1953125,11.541403611501018,0.0
Runge-Kutta 4-го порядка,3.203125,11.621364593505819,0.0
Runge-Kutta 4-го порядка,3.2109375,11.701716581980346,0.0
Runge-Kutta 4-го порядка,3.21875,11.782460530598916,0.0
Runge-Kutta 4-го порядка,3.2265625,11.863597393035846,0.0
Runge-Kutta 4-го порядка,3.234375,11.945128122965452,0.0
Runge-Kutta 4-го порядка,3.2421875,12.02705367406205,0.0
Runge-Kutta 4-го порядка,3.25,12.109374999999956,0.0
Runge-Kutta 4-го порядка,3.2578125,12.192093054453487,0.0
Runge-Kutta 4-го порядка,3.265625,12.27520879109696,0.0
Runge-Kutta 4-го порядка,3.2734375,12.35872316360469,0.0
Runge-Kutta 4-го порядка,3.28125,12.442637125650995,0.0
Runge-Kutta 4-го порядка,3.2890625,12.52695163091019,0.0
Runge-Kutta 4-го порядка,3.296875,12.611667633056593,0.0
Runge-Kutta 4-го порядка,3.3046875,12.696786085764519,0.0
Runge-Kutta 4-го порядка,3.3125,12.782307942708284,0.0
Runge-Kutta 4-го порядка,3.3203125,12.868234157562206,0.0
Runge-Kutta 4-го порядка,3.328125,12.9545656840006,0.0
Runge-Kutta 4-го порядка,3.3359375,13.041303475697784,0.0
Runge-Kutta 4-го порядка,3.34375,13.128448486328073,0.0
Runge-Kutta 4-го порядка,3.3515625,13.216001669565784,0.0
Runge-Kutta 4-го порядка,3.359375,13.303963979085234,0.0
Runge-Kutta 4-го порядка,3.3671875,13.392336368560738,0.0
Runge-Kutta 4-го порядка,3.375,13.481119791666613,0.0
Runge-Kutta 4-го порядка,3.3828125,13.570315202077175,0.0
Runge-Kutta 4-го порядка,3.390625,13.659923553466742,0.0
Runge-Kutta 4-го порядка,3.3984375,13.749945799509629,0.0
Runge-Kutta 4-го порядка,3.40625,13.840382893880152,0.0
Runge-Kutta 4-го порядка,3.4140625,13.931235790252629,0.0
Runge-Kutta 4-го порядка,3.421875,14.022505442301375,0.0
Runge-Kutta 4-го порядка,3.4296875,14.114192803700707,0.0
Runge-Kutta 4-го порядка,3.4375,14.206298828124941,0.0
Runge-Kutta 4-го порядка,3.4453125,14.298824469248395,0.0
Runge-Kutta 4-го порядка,3.453125,14.391770680745383,0.0
Runge-Kutta 4-го порядка,3.4609375,14.485138416290223,0.0
Runge-Kutta 4-го порядка,3.46875,14.57892862955723,0.0
Runge-Kutta 4-го порядка,3.4765625,14.673142274220723,0.0
Runge-Kutta 4-го порядка,3.484375,14.767780303955016,0.0
Runge-Kutta 4-го порядка,3.4921875,14.862843672434426,0.0
Runge-Kutta 4-го порядка,3.5,14.95833333333327,0.0
Runge-Kutta 4-го порядка,3.5078125,15.054250240325864,0.0
Runge-Kutta 4-го порядка,3.515625,15.150595347086524,0.0
Runge-Kutta 4-го порядка,3.5234375,15.247369607289567,0.0
Runge-Kutta 4-го порядка,3.53125,15.34457397460931,0.0
Runge-Kutta 4-го порядка,3.5390625,15.442209402720067,0.0
Runge-Kutta 4-го порядка,3.546875,15.540276845296157,0.0
Runge-Kutta 4-го порядка,3.5546875,15.638777256011895,0.0
Runge-Kutta 4-го порядка,3.5625,15.737711588541599,0.0
Runge-Kutta 4-го порядка,3.5703125,15.837080796559583,0.0
Runge-Kutta 4-го порядка,3.578125,15.936885833740165,0.0
Runge-Kutta 4-го порядка,3.5859375,16.03712765375766,0.0
Runge-Kutta 4-го порядка,3.59375,16.13780721028639,0.0
Runge-Kutta 4-го порядка,3.6015625,16.238925457000665,0.0
Runge-Kutta 4-го порядка,3.609375,16.340483347574803,0.0
Runge-Kutta 4-го порядка,3.6171875,16.44248183568312,0.0
Runge-Kutta 4-го порядка,3.625,16.544921874999936,0.0
Runge-Kutta 4-го порядка,3.6328125,16.647804419199563,0.0
Runge-Kutta 4-го порядка,3.640625,16.75113042195632,0.0
Runge-Kutta 4-го порядка,3.6484375,16.85490083694452,0.0
Runge-Kutta 4-го порядка,3.65625,16.959116617838482,0.0
Runge-Kutta 4-го порядка,3.6640625,17.063778718312523,0.0
Runge-Kutta 4-го порядка,3.671875,17.16888809204096,0.0
Runge-Kutta 4-го порядка,3.6796875,17.274445692698105,0.0
Runge-Kutta 4-го порядка,3.6875,17.38045247395828,0.0
Runge-Kutta 4-го порядка,3.6953125,17.486909389495796,0.0
Runge-Kutta 4-го порядка,3.703125,17.593817392984974,0.0
Runge-Kutta 4-го порядка,3.7109375,17.701177438100128,0.0
Runge-Kutta 4-го порядка,3.71875,17.808990478515575,0.0
Runge-Kutta 4-го порядка,3.7265625,17.917257467905632,0.0
Runge-Kutta 4-го порядка,3.734375,18.025979359944614,0.0
Runge-Kutta 4-го порядка,3.7421875,18.13515710830684,0.0
Runge-Kutta 4-го порядка,3.75,18.24479166666662,0.0
Runge-Kutta 4-го порядка,3.7578125,18.35488398869828,0.0
Runge-Kutta 4-го порядка,3.765625,18.46543502807613,0.0
Runge-Kutta 4-го порядка,3.7734375,18.576445738474487,0.0
Runge-Kutta 4-го порядка,3.78125,18.687917073567668,0.0
Runge-Kutta 4-го порядка,3.7890625,18.79984998702999,0.0
Runge-Kutta 4-го порядка,3.796875,18.91224543253577,0.0
Runge-Kutta 4-го порядка,3.8046875,19.025104363759322,0.0
Runge-Kutta 4-го порядка,3.8125,19.138427734374964,0.0
Runge-Kutta 4-го порядка,3.8203125,19.252216498057013,0.0
Runge-Kutta 4-го порядка,3.828125,19.366471608479785,0.0
Runge-Kutta 4-го порядка,3.8359375,19.481194019317595,0.0
Runge-Kutta 4-го порядка,3.84375,19.59638468424476,0.0
Runge-Kutta 4-го порядка,3.8515625,19.7120445569356,0.0
Runge-Kutta 4-го порядка,3.859375,19.828174591064425,0.0
Runge-Kutta 4-го порядка,3.8671875,19.944775740305555,0.0
Runge-Kutta 4-го порядка,3.875,20.061848958333307,0.0
Runge-Kutta 4-го порядка,3.8828125,20.179395198821997,0.0
Runge-Kutta 4-го порядка,3.890625,20.29741541544594,0.0
Runge-Kutta 4-го порядка,3.8984375,20.415910561879453,0.0
Runge-Kutta 4-го порядка,3.90625,20.534881591796854,0.0
Runge-Kutta 4-го порядка,3.9140625,20.654329458872457,0.0
Runge-Kutta 4-го порядка,3.921875,20.77425511678058,0.0
Runge-Kutta 4-го порядка,3.92578125,20.83439741532006,0.0
Runge-Kutta 4-го порядка,3.9296875,20.894659519195535,0.0
Runge-Kutta 4-го порядка,3.93359375,20.9550415476163,0.0
Runge-Kutta 4-го порядка,3.9375,21.015543619791643,0.0
Runge-Kutta 4-го порядка,3.94140625,21.076165854930853,0.0
Runge-Kutta 4-го порядка,3.9453125,21.13690837224322,0.0
Runge-Kutta 4-го порядка,3.94921875,21.197771290938032,0.0
Runge-Kutta 4-го порядка,3.953125,21.25875473022458,0.0
Runge-Kutta 4-го порядка,3.95703125,21.319858809312155,0.0
Runge-Kutta 4-го порядка,3.9609375,21.381083647410044,0.0
Runge-Kutta 4-го порядка,3.96484375,21.442429363727538,0.0
Runge-Kutta 4-го порядка,3.96875,21.503896077473925,0.0
Runge-Kutta 4-го порядка,3.97265625,21.565483907858496,0.0
Runge-Kutta 4-го порядка,3.9765625,21.62719297409054,0.0
Runge-Kutta 4-го порядка,3.98046875,21.689023395379348,0.0
Runge-Kutta 4-го порядка,3.984375,21.750975290934207,0.0
Runge-Kutta 4-го порядка,3.98828125,21.813048779964408,0.0
Runge-Kutta 4-го порядка,3.9921875,21.87524398167924,0.0
Runge-Kutta 4-го порядка,3.99609375,21.937561015287994,0.0
Runge-Kutta 4-го порядка,4.0,21.999999999999957,0.0
Runge-Kutta 4-го порядка,4.00390625,22.06256105502442,0.0
Runge-Kutta 4-го порядка,4.0078125,22.125244299570674,0.0
Runge-Kutta 4-го порядка,4.01171875,22.188049852848007,0.0
Runge-Kutta 4-го порядка,4.015625,22.250977834065708,0.0
Runge-Kutta 4-го порядка,4.01953125,22.314028362433067,0.0
Runge-Kutta 4-го порядка,4.0234375,22.377201557159374,0.0
Runge-Kutta 4-го порядка,4.02734375,22.44049753745392,0.0
Runge-Kutta 4-го порядка,4.03125,22.50391642252599,0.0
Runge-Kutta 4-го порядка,4.03515625,22.567458331584877,0.0
Runge-Kutta 4-го порядка,4.0390625,22.63112338383987,0.0
Runge-Kutta 4-го порядка,4.04296875,22.69491169850026,0.0
Runge-Kutta 4-го порядка,4.046875,22.758823394775334,0.0
Runge-Kutta 4-го порядка,4.05078125,22.822858591874382,0.0
Runge-Kutta 4-го порядка,4.0546875,22.887017409006695,0.0
Runge-Kutta 4-го порядка,4.05859375,22.951299965381562,0.0
Runge-Kutta 4-го порядка,4.0625,23.01570638020827,0.0
Runge-Kutta 4-го порядка,4.06640625,23.080236772696114,0.0
Runge-Kutta 4-го порядка,4.0703125,23.14489126205438,0.0
Runge-Kutta 4-го порядка,4.07421875,23.209669967492356,0.0
Runge-Kutta 4-го порядка,4.078125,23.274573008219335,0.0
Runge-Kutta 4-го порядка,4.08203125,23.339600503444604,0.0
Runge-Kutta 4-го порядка,4.0859375,23.404752572377454,0.0
Runge-Kutta 4-го порядка,4.08984375,23.470029334227174,0.0
Runge-Kutta 4-го порядка,4.09375,23.535430908203054,0.0
Runge-Kutta 4-го порядка,4.09765625,23.600957413514383,0.0
Runge-Kutta 4-го порядка,4.1015625,23.66660896937045,0.0
Runge-Kutta 4-го порядка,4.10546875,23.732385694980547,0.0
Runge-Kutta 4-го порядка,4.109375,23.79828770955396,0.0
Runge-Kutta 4-го порядка,4.11328125,23.864315132299982,0.0
Runge-Kutta 4-го порядка,4.1171875,23.9304680824279,0.0
Runge-Kutta 4-го порядка,4.12109375,23.996746679147005,0.0
Runge-Kutta 4-го порядка,4.125,24.063151041666586,0.0
Runge-Kutta 4-го порядка,4.12890625,24.129681289195933,0.0
Runge-Kutta 4-го порядка,4.1328125,24.196337540944334,0.0
Runge-Kutta 4-го порядка,4.13671875,24.26311991612108,0.0
Runge-Kutta 4-го порядка,4.140625,24.33002853393546,0.0
Runge-Kutta 4-го порядка,4.14453125,24.397063513596766,0.0
Runge-Kutta 4-го порядка,4.1484375,24.464224974314284,0.0
Runge-Kutta 4-го порядка,4.15234375,24.531513035297305,0.0
Runge-Kutta 4-го порядка,4.15625,24.59892781575512,0.0
Runge-Kutta 4-го порядка,4.16015625,24.666469434897014,0.0
Runge-Kutta 4-го порядка,4.1640625,24.73413801193228,0.0
Runge-Kutta 4-го порядка,4.16796875,24.80193366607021,0.0
Runge-Kutta 4-го порядка,4.171875,24.869856516520088,0.0
Runge-Kutta 4-го порядка,4.17578125,24.937906682491207,0.0
Runge-Kutta 4-го порядка,4.1796875,25.006084283192855,0.0
Runge-Kutta 4-го порядка,4.18359375,25.074389437834324,0.0
Runge-Kutta 4-го порядка,4.1875,25.1428222656249,0.0
Runge-Kutta 4-го порядка,4.19140625,25.211382885773876,0.0
Runge-Kutta 4-го порядка,4.1953125,25.28007141749054,0.0
Runge-Kutta 4-го порядка,4.19921875,25.34888797998418,0.0
Runge-Kutta 4-го порядка,4.203125,25.41783269246409,0.0
Runge-Kutta 4-го порядка,4.20703125,25.486905674139553,0.0
Runge-Kutta 4-го порядка,4.2109375,25.556107044219864,0.0
Runge-Kutta 4-го порядка,4.21484375,25.62543692191431,0.0
Runge-Kutta 4-го порядка,4.21875,25.694895426432183,0.0
Runge-Kutta 4-го порядка,4.22265625,25.76448267698277,0.0
Runge-Kutta 4-го порядка,4.2265625,25.83419879277536,0.0
Runge-Kutta 4-го порядка,4.23046875,25.904043893019246,0.0
Runge-Kutta 4-го порядка,4.234375,25.974018096923714,0.0
Runge-Kutta 4-го порядка,4.23828125,26.044121523698056,0.0
Runge-Kutta 4-го порядка,4.2421875,26.11435429255156,0.0
Runge-Kutta 4-го порядка,4.24609375,26.184716522693517,0.0
Runge-Kutta 4-го порядка,4.25,26.255208333333215,0.0
Runge-Kutta 4-го порядка,4.25390625,26.325829843679944,0.0
Runge-Kutta 4-го порядка,4.2578125,26.396581172942994,0.0
Runge-Kutta 4-го порядка,4.26171875,26.467462440331655,0.0
Runge-Kutta 4-го порядка,4.265625,26.538473765055215,0.0
Runge-Kutta 4-го порядка,4.26953125,26.609615266322965,0.0
Runge-Kutta 4-го порядка,4.2734375,26.680887063344194,0.0
Runge-Kutta 4-го порядка,4.27734375,26.75228927532819,0.0
Runge-Kutta 4-го порядка,4.28125,26.823822021484247,0.0
Runge-Kutta 4-го порядка,4.28515625,26.89548542102165,0.0
Runge-Kutta 4-го порядка,4.2890625,26.96727959314969,0.0
Runge-Kutta 4-го порядка,4.29296875,27.039204657077658,0.0
Runge-Kutta 4-го порядка,4.296875,27.11126073201484,0.0
Runge-Kutta 4-го порядка,4.30078125,27.18344793717053,0.0
Runge-Kutta 4-го порядка,4.3046875,27.255766391754015,0.0
Runge-Kutta 4-го порядка,4.30859375,27.328216214974585,0.0
Runge-Kutta 4-го порядка,4.3125,27.40079752604153,0.0
Runge-Kutta 4-го порядка,4.31640625,27.473510444164138,0.0
Runge-Kutta 4-го порядка,4.3203125,27.5463550885517,0.0
Runge-Kutta 4-го порядка,4.32421875,27.619331578413505,0.0
Runge-Kutta 4-го порядка,4.328125,27.692440032958842,0.0
Runge-Kutta 4-го порядка,4.33203125,27.765680571397002,0.0
Runge-Kutta 4-го порядка,4.3359375,27.839053312937274,0.0
Runge-Kutta 4-го порядка,4.33984375,27.912558376788947,0.0
Runge-Kutta 4-го порядка,4.34375,27.98619588216131,0.0
Runge-Kutta 4-го порядка,4.34765625,28.059965948263656,0.0
Runge-Kutta 4-го порядка,4.3515625,28.13386869430527,0.0
Runge-Kutta 4-го порядка,4.35546875,28.207904239495445,0.0
Runge-Kutta 4-го порядка,4.359375,28.282072703043468,0.0
Runge-Kutta 4-го порядка,4.36328125,28.35637420415863,0.0
Runge-Kutta 4-го порядка,4.3671875,28.43080886205022,0.0
Runge-Kutta 4-го порядка,4.37109375,28.50537679592753,0.0
Runge-Kutta 4-го порядка,4.375,28.580078124999844,0.0
Runge-Kutta 4-го порядка,4.37890625,28.654912968476456,0.0
Runge-Kutta 4-го порядка,4.3828125,28.729881445566654,0.0
Runge-Kutta 4-го порядка,4.38671875,28.80498367547973,0.0
Runge-Kutta 4-го порядка,4.390625,28.88021977742497,0.0
Runge-Kutta 4-го порядка,4.39453125,28.955589870611664,0.0
Runge-Kutta 4-го порядка,4.3984375,29.031094074249104,0.0
Runge-Kutta 4-го порядка,4.40234375,29.106732507546578,0.0
Runge-Kutta 4-го порядка,4.40625,29.182505289713376,0.0
Runge-Kutta 4-го порядка,4.41015625,29.258412539958787,0.0
Runge-Kutta 4-го порядка,4.4140625,29.3344543774921,0.0
Runge-Kutta 4-го порядка,4.41796875,29.410630921522607,0.0
Runge-Kutta 4-го порядка,4.421875,29.486942291259595,0.0
Runge-Kutta 4-го порядка,4.42578125,29.563388605912355,0.0
Runge-Kutta 4-го порядка,4.4296875,29.639969984690175,0.0
Runge-Kutta 4-го порядка,4.43359375,29.716686546802347,0.0
Runge-Kutta 4-го порядка,4.4375,29.793538411458158,0.0
Runge-Kutta 4-го порядка,4.44140625,29.8705256978669,0.0
Runge-Kutta 4-го порядка,4.4453125,29.94764852523786,0.0
Runge-Kutta 4-го порядка,4.44921875,30.02490701278033,0.0
Runge-Kutta 4-го порядка,4.453125,30.102301279703596,0.0
Runge-Kutta 4-го порядка,4.45703125,30.17983144521695,0.0
Runge-Kutta 4-го порядка,4.4609375,30.257497628529684,0.0
Runge-Kutta 4-го порядка,4.46484375,30.335299948851084,0.0
Runge-Kutta 4-го порядка,4.46875,30.41323852539044,0.0
Runge-Kutta 4-го порядка,4.47265625,30.491313477357043,0.0
Runge-Kutta 4-го порядка,4.4765625,30.56952492396018,0.0
Runge-Kutta 4-го порядка,4.48046875,30.647872984409144,0.0
Runge-Kutta 4-го порядка,4.484375,30.726357777913222,0.0
Runge-Kutta 4-го порядка,4.48828125,30.804979423681704,0.0
Runge-Kutta 4-го порядка,4.4921875,30.88373804092388,0.0
Runge-Kutta 4-го порядка,4.49609375,30.96263374884904,0.0
Runge-Kutta 4-го порядка,4.5,31.041666666666472,0.0
Runge-Kutta 4-го порядка,4.50390625,31.120836913585467,0.0
Runge-Kutta 4-го порядка,4.5078125,31.200144608815314,0.0
Runge-Kutta 4-го порядка,4.51171875,31.279589871565303,0.0
Runge-Kutta 4-го порядка,4.515625,31.359172821044723,0.0
Runge-Kutta 4-го порядка,4.51953125,31.438893576462863,0.0
Runge-Kutta 4-го порядка,4.5234375,31.518752257029014,0.0
Runge-Kutta 4-го порядка,4.52734375,31.598748981952465,0.0
Runge-Kutta 4-го порядка,4.53125,31.678883870442505,0.0
Runge-Kutta 4-го порядка,4.53515625,31.759157041708423,0.0
Runge-Kutta 4-го порядка,4.5390625,31.83956861495951,0.0
Runge-Kutta 4-го порядка,4.54296875,31.920118709405056,0.0
Runge-Kutta 4-го порядка,4.546875,32.00080744425435,0.0
Runge-Kutta 4-го порядка,4.55078125,32.08163493871668,0.0
Runge-Kutta 4-го порядка,4.5546875,32.16260131200134,0.0
Runge-Kutta 4-го порядка,4.55859375,32.24370668331762,0.0
Runge-Kutta 4-го порядка,4.5625,32.3249511718748,0.0
Runge-Kutta 4-го порядка,4.56640625,32.40633489688218,0.0
Runge-Kutta 4-го порядка,4.5703125,32.48785797754904,0.0
Runge-Kutta 4-го порядка,4.57421875,32.56952053308468,0.0
Runge-Kutta 4-го порядка,4.578125,32.65132268269838,0.0
Runge-Kutta 4-го порядка,4.58203125,32.73326454559943,0.0
Runge-Kutta 4-го порядка,4.5859375,32.81534624099713,0.0
Runge-Kutta 4-го порядка,4.58984375,32.89756788810076,0.0
Runge-Kutta 4-го порядка,4.59375,32.97992960611961,0.0
Runge-Kutta 4-го порядка,4.59765625,33.062431514262975,0.0
Runge-Kutta 4-го порядка,4.6015625,33.14507373174014,0.0
Runge-Kutta 4-го порядка,4.60546875,33.227856377760396,0.0
Runge-Kutta 4-го порядка,4.609375,33.31077957153303,0.0
Runge-Kutta 4-го порядка,4.61328125,33.39384343226734,0.0
Runge-Kutta 4-го порядка,4.6171875,33.477048079172604,0.0
Runge-Kutta 4-го порядка,4.62109375,33.56039363145812,0.0
Runge-Kutta 4-го порядка,4.625,33.64388020833317,0.0
Runge-Kutta 4-го порядка,4.62890625,33.727507929007054,0.0
Runge-Kutta 4-го порядка,4.6328125,33.81127691268905,0.0
Runge-Kutta 4-го порядка,4.63671875,33.89518727858846,0.0
Runge-Kutta 4-го порядка,4.640625,33.97923914591456,0.0
Runge-Kutta 4-го порядка,4.64453125,34.06343263387665,0.0
Runge-Kutta 4-го порядка,4.6484375,34.14776786168402,0.0
Runge-Kutta 4-го порядка,4.65234375,34.23224494854595,0.0
Runge-Kutta 4-го порядка,4.65625,34.31686401367173,0.0
Runge-Kutta 4-го порядка,4.66015625,34.40162517627066,0.0
Runge-Kutta 4-го порядка,4.6640625,34.48652855555203,0.0
Runge-Kutta 4-го порядка,4.66796875,34.571574270725115,0.0
Runge-Kutta 4-го порядка,4.671875,34.656762440999216,0.0
Runge-Kutta 4-го порядка,4.67578125,34.74209318558362,0.0
Runge-Kutta 4-го порядка,4.6796875,34.827566623687616,0.0
Runge-Kutta 4-го порядка,4.68359375,34.913182874520494,0.0
Runge-Kutta 4-го порядка,4.6875,34.99894205729154,0.0
Runge-Kutta 4-го порядка,4.69140625,35.084844291210054,0.0
Runge-Kutta 4-го порядка,4.6953125,35.170889695485315,0.0
Runge-Kutta 4-го порядка,4.69921875,35.257078389326615,0.0
Runge-Kutta 4-го порядка,4.703125,35.343410491943246,0.0
Runge-Kutta 4-го порядка,4.70703125,35.429886122544495,0.0
Runge-Kutta 4-го порядка,4.7109375,35.51650540033965,0.0
Runge-Kutta 4-го порядка,4.71484375,35.60326844453801,0.0
Runge-Kutta 4-го порядка,4.71875,35.690175374348854,0.0
Runge-Kutta 4-го порядка,4.72265625,35.777226308981476,0.0
Runge-Kutta 4-го порядка,4.7265625,35.864421367645164,0.0
Runge-Kutta 4-го порядка,4.73046875,35.95176066954921,0.0
Runge-Kutta 4-го порядка,4.734375,36.0392443339029,0.0
Runge-Kutta 4-го порядка,4.73828125,36.12687247991553,0.0
Runge-Kutta 4-го порядка,4.7421875,36.21464522679638,0.0
Runge-Kutta 4-го порядка,4.74609375,36.302562693754744,0.0
Runge-Kutta 4-го порядка,4.75,36.390624999999915,0.0
Runge-Kutta 4-го порядка,4.75390625,36.47883226474118,0.0
Runge-Kutta 4-го порядка,4.7578125,36.567184607187826,0.0
Runge-Kutta 4-го порядка,4.76171875,36.65568214654915,0.0
Runge-Kutta 4-го порядка,4.765625,36.74432500203443,0.0
Runge-Kutta 4-го порядка,4.76953125,36.833113292852964,0.0
Runge-Kutta 4-го порядка,4.7734375,36.92204713821404,0.0
Runge-Kutta 4-го порядка,4.77734375,37.01112665732695,0.0
Runge-Kutta 4-го порядка,4.78125,37.100351969400975,0.0
Runge-Kutta 4-го порядка,4.78515625,37.18972319364541,0.0
Runge-Kutta 4-го порядка,4.7890625,37.27924044926955,0.0
Runge-Kutta 4-го порядка,4.79296875,37.36890385548268,0.0
Runge-Kutta 4-го порядка,4.796875,37.458713531494084,0.0
Runge-Kutta 4-го порядка,4.80078125,37.54866959651306,0.0
Runge-Kutta 4-го порядка,4.8046875,37.63877216974889,0.0
Runge-Kutta 4-го порядка,4.80859375,37.72902137041087,0.0
Runge-Kutta 4-го порядка,4.8125,37.819417317708286,0.0
Runge-Kutta 4-го порядка,4.81640625,37.90996013085043,0.0
Runge-Kutta 4-го порядка,4.8203125,38.00064992904659,0.0
Runge-Kutta 4-го порядка,4.82421875,38.09148683150605,0.0
Runge-Kutta 4-го порядка,4.828125,38.18247095743811,0.0
Runge-Kutta 4-го порядка,4.83203125,38.27360242605206,0.0
Runge-Kutta 4-го порядка,4.8359375,38.36488135655718,0.0
Runge-Kutta 4-го порядка,4.83984375,38.45630786816276,0.0
Runge-Kutta 4-го порядка,4.84375,38.5478820800781,0.0
Runge-Kutta 4-го порядка,4.84765625,38.639604111512476,0.0
Runge-Kutta 4-го порядка,4.8515625,38.73147408167519,0.0
Runge-Kutta 4-го порядка,4.85546875,38.82349210977552,0.0
Runge-Kutta 4-го порядка,4.859375,38.91565831502277,0.0
Runge-Kutta 4-го порядка,4.86328125,39.007972816626214,0.0
Runge-Kutta 4-го порядка,4.8671875,39.10043573379515,0.0
Runge-Kutta 4-го порядка,4.87109375,39.19304718573887,0.0
Runge-Kutta 4-го порядка,4.875,39.28580729166666,0.0
Runge-Kutta 4-го порядка,4.87890625,39.378716170787804,0.0
Runge-Kutta 4-го порядка,4.8828125,39.4717739423116,0.0
Runge-Kutta 4-го порядка,4.88671875,39.564980725447334,0.0
Runge-Kutta 4-го порядка,4.890625,39.6583366394043,0.0
Runge-Kutta 4-го порядка,4.89453125,39.75184180339178,0.0
Runge-Kutta 4-го порядка,4.8984375,39.845496336619064,0.0
Runge-Kutta 4-го порядка,4.90234375,39.93930035829545,0.0
Runge-Kutta 4-го порядка,4.90625,40.03325398763022,0.0
Runge-Kutta 4-го порядка,4.91015625,40.127357343832664,0.0
Runge-Kutta 4-го порядка,4.9140625,40.221610546112075,0.0
Runge-Kutta 4-го порядка,4.91796875,40.31601371367774,0.0
Runge-Kutta 4-го порядка,4.921875,40.41056696573895,0.0
Runge-Kutta 4-го порядка,4.92578125,40.505270421504996,0.0
Runge-Kutta 4-го порядка,4.9296875,40.600124200185164,0.0
Runge-Kutta 4-го порядка,4.93359375,40.695128420988745,0.0
Runge-Kutta 4-го порядка,4.9375,40.79028320312503,0.0
Runge-Kutta 4-го порядка,4.94140625,40.885588665803304,0.0
Runge-Kutta 4-го порядка,4.9453125,40.98104492823286,0.0
Runge-Kutta 4-го порядка,4.94921875,41.07665210962299,0.0
Runge-Kutta 4-го порядка,4.953125,41.17241032918298,0.0
Runge-Kutta 4-го порядка,4.95703125,41.26831970612212,0.0
Runge-Kutta 4-го порядка,4.9609375,41.3643803596497,0.0
Runge-Kutta 4-го порядка,4.96484375,41.46059240897501,0.0
Runge-Kutta 4-го порядка,4.96875,41.55695597330734,0.0
Runge-Kutta 4-го порядка,4.97265625,41.653471171855976,0.0
Runge-Kutta 4-го порядка,4.9765625,41.75013812383021,0.0
Runge-Kutta 4-го порядка,4.98046875,41.846956948439335,0.0
Runge-Kutta 4-го порядка,4.984375,41.943927764892635,0.0
Runge-Kutta 4-го порядка,4.98828125,42.0410506923994,0.0
Runge-Kutta 4-го порядка,4.9921875,42.138325850168926,0.0
Runge-Kutta 4-го порядка,4.99609375,42.235753357410495,0.0
Runge-Kutta 4-го порядка,5.0,42.3333333333334,0.0
Milne,1.0,1.0,
Milne,2.0,3.3333333333333335,
Milne,3.0,9.666666666666666,
Milne,4.0,22.0,
Milne,5.0,42.33333333333333,
